Fecha,Tributarios ,Tributarios (SA)
ene.-04,_-* 2778_-,_-* 2720.56_-
feb.-04,_-* 2710_-,_-* 2936.38_-
mar.-04,_-* 3048_-,_-* 3169.37_-
abr.-04,_-* 3515_-,_-* 2959.51_-
may.-04,_-* 3579_-,_-* 3112.49_-
jun.-04,_-* 3764_-,_-* 3058.81_-
jul.-04,_-* 2851_-,_-* 3124.38_-
ago.-04,_-* 3319_-,_-* 3050.71_-
sept.-04,_-* 2916_-,_-* 3147.81_-
oct.-04,_-* 2706_-,_-* 3049.32_-
nov.-04,_-* 2990_-,_-* 3384.93_-
dic.-04,_-* 2553_-,_-* 3148.31_-
ene.-05,_-* 3385_-,_-* 3215.83_-
feb.-05,_-* 3112_-,_-* 3409.17_-
mar.-05,_-* 3110_-,_-* 3285.37_-
abr.-05,_-* 4125_-,_-* 3434.84_-
may.-05,_-* 3923_-,_-* 3399.47_-
jun.-05,_-* 4541_-,_-* 3760.90_-
jul.-05,_-* 2926_-,_-* 3146.02_-
ago.-05,_-* 4138_-,_-* 3852.43_-
sept.-05,_-* 3342_-,_-* 3573.83_-
oct.-05,_-* 3420_-,_-* 3896.83_-
nov.-05,_-* 3150_-,_-* 3538.59_-
dic.-05,_-* 3110_-,_-* 3869.84_-
ene.-06,_-* 4266_-,_-* 3878.76_-
feb.-06,_-* 3519_-,_-* 3936.17_-
mar.-06,_-* 3767_-,_-* 4039.01_-
abr.-06,_-* 2158_-,_-* 1787.56_-
may.-06,_-* 7126_-,_-* 6136.04_-
jun.-06,_-* 5074_-,_-* 4336.42_-
jul.-06,_-* 4330_-,_-* 4505.58_-
ago.-06,_-* 4660_-,_-* 4505.75_-
sept.-06,_-* 4278_-,_-* 4399.81_-
oct.-06,_-* 4023_-,_-* 4711.74_-
nov.-06,_-* 4025_-,_-* 4409.35_-
dic.-06,_-* 3989_-,_-* 5090.23_-
ene.-07,_-* 5706_-,_-* 4971.30_-
feb.-07,_-* 4144_-,_-* 4766.33_-
mar.-07,_-* 4368_-,_-* 4738.46_-
abr.-07,_-* 3361_-,_-* 2741.21_-
may.-07,_-* 7973_-,_-* 6892.52_-
jun.-07,_-* 5083_-,_-* 4439.80_-
jul.-07,_-* 4991_-,_-* 5057.13_-
ago.-07,_-* 4863_-,_-* 4944.26_-
sept.-07,_-* 4965_-,_-* 4795.95_-
oct.-07,_-* 3933_-,_-* 4832.56_-
nov.-07,_-* 5168_-,_-* 5440.10_-
dic.-07,_-* 3306_-,_-* 4452.19_-
ene.-08,_-* 7426_-,_-* 6323.74_-
feb.-08,_-* 4415_-,_-* 5158.91_-
mar.-08,_-* 4798_-,_-* 5187.52_-
abr.-08,_-* 5940_-,_-* 4793.22_-
may.-08,_-* 6044_-,_-* 5270.52_-
jun.-08,_-* 6015_-,_-* 5199.09_-
jul.-08,_-* 5198_-,_-* 5214.16_-
ago.-08,_-* 4710_-,_-* 5066.89_-
sept.-08,_-* 6266_-,_-* 5667.14_-
oct.-08,_-* 4335_-,_-* 5609.66_-
nov.-08,_-* 5365_-,_-* 5555.02_-
dic.-08,_-* 3830_-,_-* 5439.95_-
ene.-09,_-* 6354_-,_-* 5347.08_-
feb.-09,_-* 4328_-,_-* 5170.29_-
mar.-09,_-* 4960_-,_-* 5371.67_-
abr.-09,_-* 7307_-,_-* 5722.06_-
may.-09,_-* 5769_-,_-* 5062.84_-
jun.-09,_-* 6488_-,_-* 5396.64_-
jul.-09,_-* 5188_-,_-* 5243.33_-
ago.-09,_-* 5898_-,_-* 6679.11_-
sept.-09,_-* 6274_-,_-* 5404.34_-
oct.-09,_-* 3772_-,_-* 5185.41_-
nov.-09,_-* 5176_-,_-* 5343.58_-
dic.-09,_-* 3676_-,_-* 5456.75_-
ene.-10,_-* 6780_-,_-* 5697.70_-
feb.-10,_-* 5110_-,_-* 6180.78_-
mar.-10,_-* 5217_-,_-* 5687.36_-
abr.-10,_-* 5712_-,_-* 4367.82_-
may.-10,_-* 6398_-,_-* 5533.68_-
jun.-10,_-* 5462_-,_-* 4335.16_-
jul.-10,_-* 5826_-,_-* 5935.87_-
ago.-10,_-* 5295_-,_-* 6380.82_-
sept.-10,_-* 6829_-,_-* 5721.89_-
oct.-10,_-* 4297_-,_-* 6213.07_-
nov.-10,_-* 5745_-,_-* 5962.26_-
dic.-10,_-* 4105_-,_-* 6221.76_-
ene.-11,_-* 7934_-,_-* 6662.17_-
feb.-11,_-* 4987_-,_-* 6234.15_-
mar.-11,_-* 6233_-,_-* 6922.76_-
abr.-11,_-* 9215_-,_-* 6766.50_-
may.-11,_-* 8701_-,_-* 7353.13_-
jun.-11,_-* 9455_-,_-* 7209.24_-
jul.-11,_-* 6682_-,_-* 6882.10_-
ago.-11,_-* 4783_-,_-* 6230.94_-
sept.-11,_-* 9053_-,_-* 7410.28_-
oct.-11,_-* 4530_-,_-* 6921.86_-
nov.-11,_-* 7336_-,_-* 7552.16_-
dic.-11,_-* 4894_-,_-* 7549.26_-
ene.-12,_-* 8443_-,_-* 7050.88_-
feb.-12,_-* 5943_-,_-* 7574.19_-
mar.-12,_-* 6545_-,_-* 7412.98_-
abr.-12,_-* 13786_-,_-* 9836.42_-
may.-12,_-* 8933_-,_-* 7399.94_-
jun.-12,_-* 13341_-,_-* 10014.64_-
jul.-12,_-* 7191_-,_-* 7427.06_-
ago.-12,_-* 5058_-,_-* 7064.76_-
sept.-12,_-* 8968_-,_-* 7211.15_-
oct.-12,_-* 4663_-,_-* 7342.83_-
nov.-12,_-* 7405_-,_-* 7610.31_-
dic.-12,_-* 4857_-,_-* 7596.38_-
ene.-13,_-* 9278_-,_-* 7528.57_-
feb.-13,_-* 7353_-,_-* 9719.74_-
mar.-13,_-* 6559_-,_-* 7502.70_-
abr.-13,_-* 12073_-,_-* 8451.04_-
may.-13,_-* 9667_-,_-* 7858.18_-
jun.-13,_-* 12406_-,_-* 9441.57_-
jul.-13,_-* 8026_-,_-* 8342.27_-
ago.-13,_-* 6131_-,_-* 8983.19_-
sept.-13,_-* 10686_-,_-* 8384.13_-
oct.-13,_-* 5273_-,_-* 8403.68_-
nov.-13,_-* 8088_-,_-* 8376.37_-
dic.-13,_-* 5234_-,_-* 8248.06_-
ene.-14,_-* 11363_-,_-* 8848.81_-
feb.-14,_-* 8221_-,_-* 11264.95_-
mar.-14,_-* 7823_-,_-* 8875.59_-
abr.-14,_-* 12107_-,_-* 8552.95_-
may.-14,_-* 11295_-,_-* 8968.17_-
jun.-14,_-* 10983_-,_-* 8667.61_-
jul.-14,_-* 8679_-,_-* 9016.92_-
ago.-14,_-* 5560_-,_-* 8413.15_-
sept.-14,_-* 11896_-,_-* 9138.78_-
oct.-14,_-* 5627_-,_-* 8881.01_-
nov.-14,_-* 8851_-,_-* 9201.35_-
dic.-14,_-* 5932_-,_-* 9236.79_-
ene.-15,_-* 12449_-,_-* 9385.41_-
feb.-15,_-* 6247_-,_-* 8945.88_-
mar.-15,_-* 8539_-,_-* 9526.96_-
abr.-15,_-* 13250_-,_-* 9556.31_-
may.-15,_-* 12621_-,_-* 9819.84_-
jun.-15,_-* 11664_-,_-* 9552.02_-
jul.-15,_-* 9305_-,_-* 9713.96_-
ago.-15,_-* 6474_-,_-* 9959.83_-
sept.-15,_-* 13463_-,_-* 10176.36_-
oct.-15,_-* 6607_-,_-* 10318.37_-
nov.-15,_-* 9331_-,_-* 9594.81_-
dic.-15,_-* 6446_-,_-* 9824.09_-
ene.-16,_-* 13402_-,_-* 9878.99_-
feb.-16,_-* 6496_-,_-* 9539.18_-
mar.-16,_-* 8677_-,_-* 9470.43_-
abr.-16,_-* 13377_-,_-* 9995.85_-
may.-16,_-* 12484_-,_-* 9701.96_-
jun.-16,_-* 12845_-,_-* 10833.76_-
jul.-16,_-* 8698_-,_-* 8994.16_-
ago.-16,_-* 6168_-,_-* 9491.72_-
sept.-16,_-* 12618_-,_-* 9583.24_-
oct.-16,_-* 6246_-,_-* 9650.66_-
nov.-16,_-* 9634_-,_-* 9604.17_-
dic.-16,_-* 6677_-,_-* 9842.86_-
ene.-17,_-* 13164_-,_-* 9591.12_-
feb.-17,_-* 6186_-,_-* 9075.80_-
mar.-17,_-* 9722_-,_-* 10363.17_-
abr.-17,_-* 13538_-,_-* 10592.23_-
may.-17,_-* 13944_-,_-* 10999.95_-
jun.-17,_-* 12616_-,_-* 10964.16_-
jul.-17,_-* 10629_-,_-* 10816.65_-
ago.-17,_-* 7057_-,_-* 10658.67_-
sept.-17,_-* 14643_-,_-* 11317.52_-
oct.-17,_-* 6778_-,_-* 10360.42_-
nov.-17,_-* 11432_-,_-* 11036.38_-
dic.-17,_-* 7244_-,_-* 10360.66_-
ene.-18,_-* 15243_-,_-* 10811.87_-
feb.-18,_-* 7058_-,_-* 10215.19_-
mar.-18,_-* 10305_-,_-* 10637.72_-
abr.-18,_-* 12404_-,_-* 10223.53_-
may.-18,_-* 12933_-,_-* 10540.71_-
jun.-18,_-* 12214_-,_-* 11020.06_-
jul.-18,_-* 11648_-,_-* 11640.81_-
ago.-18,_-* 8084_-,_-* 11983.77_-
sept.-18,_-* 14068_-,_-* 11173.88_-
oct.-18,_-* 8009_-,_-* 11869.38_-
nov.-18,_-* 12350_-,_-* 11597.24_-
dic.-18,_-* 10866_-,_-* 14969.65_-
ene.-19,_-* 16194_-,_-* 11274.41_-
feb.-19,_-* 8483_-,_-* 12026.61_-
mar.-19,_-* 11567_-,_-* 11641.94_-
abr.-19,_-* 13036_-,_-* 11231.55_-
may.-19,_-* 15215_-,_-* 12707.06_-
jun.-19,_-* 13571_-,_-* 12775.28_-
jul.-19,_-* 13264_-,_-* 13159.35_-
ago.-19,_-* 9010_-,_-* 13144.61_-
sept.-19,_-* 16235_-,_-* 13099.40_-
oct.-19,_-* 8895_-,_-* 12838.46_-
nov.-19,_-* 13645_-,_-* 12589.75_-
dic.-19,_-* 9297_-,_-* 12411.98_-
ene.-20,_-* 18660_-,_-* 12836.78_-
feb.-20,_-* 9777_-,_-* 13729.75_-
mar.-20,_-* 11941_-,_-* 11807.47_-
abr.-20,_-* 9922_-,_-* 8719.30_-
may.-20,_-* 11504_-,_-* 9861.86_-
jun.-20,_-* 10070_-,_-* 9879.30_-
jul.-20,_-* 9177_-,_-* 8939.93_-
ago.-20,_-* 6578_-,_-* 9408.59_-
sept.-20,_-* 12700_-,_-* 10365.45_-
oct.-20,_-* 8059_-,_-* 11320.19_-
nov.-20,_-* 13315_-,_-* 12149.02_-
dic.-20,_-* 9054_-,_-* 11871.91_-
ene.-21,_-* 17487_-,_-* 12187.81_-
feb.-21,_-* 8893_-,_-* 12481.54_-
mar.-21,_-* 12691_-,_-* 12688.17_-
abr.-21,_-* 13703_-,_-* 12182.85_-
may.-21,_-* 15499_-,_-* 13124.44_-
jun.-21,_-* 13017_-,_-* 13041.49_-
jul.-21,_-* 13830_-,_-* 13059.83_-
ago.-21,_-* 10275_-,_-* 14254.42_-
sept.-21,_-* 17330_-,_-* 14211.80_-
oct.-21,_-* 10246_-,_-* 14432.16_-
nov.-21,_-* 16796_-,_-* 15411.95_-
dic.-21,_-* 12455_-,_-* 16432.48_-
ene.-22,_-* 21741_-,_-* 15395.45_-
feb.-22,_-* 11847_-,_-* 16793.74_-
mar.-22,_-* 16602_-,_-* 16803.29_-
abr.-22,_-* 20536_-,_-* 18541.18_-
may.-22,_-* 19536_-,_-* 15964.08_-
jun.-22,_-* 16699_-,_-* 17054.38_-
jul.-22,_-* 21292_-,_-* 19112.94_-
ago.-22,_-* 13794_-,_-* 18813.03_-
sept.-22,_-* 22439_-,_-* 18387.90_-
oct.-22,_-* 13504_-,_-* 19126.14_-
nov.-22,_-* 20228_-,_-* 19097.44_-
dic.-22,_-* 13773_-,_-* 18292.65_-
ene.-23,_-* 27479_-,_-* 19697.25_-
feb.-23,_-* 13610_-,_-* 19506.68_-
mar.-23,_-* 19282_-,_-* 19860.59_-
abr.-23,_-* 31138_-,_-* 29407.44_-
may.-23,_-* 24918_-,_-* 19097.01_-
jun.-23,_-* 26106_-,_-* 26928.97_-
jul.-23,_-* 24579_-,_-* 21006.50_-
ago.-23,_-* 22038_-,_-* 30105.49_-
sept.-23,_-* 25558_-,_-* 20715.60_-
oct.-23,_-* 13960_-,_-* 20069.97_-
nov.-23,_-* 20698_-,_-* 20530.62_-
dic.-23,_-* 13816_-,_-* 18211.58_-
ene.-24,_-* 28592_-,_-* 20658.59_-
feb.-24,_-* 14166_-,_-* 20211.45_-
mar.-24,_-* 20535_-,_-* 21092.09_-
abr.-24,_-* 17929_-,_-* 17841.19_-
may.-24,_-* 27995_-,_-* 20423.23_-
jun.-24,_-* 16925_-,_-* 18022.61_-
jul.-24,_-* 27757_-,_-* 22672.21_-
ago.-24,_-* 13670_-,_-* 19062.73_-
sept.-24,_-* 25745_-,_-* 20484.40_-
oct.-24,_-* 14161_-,_-* 20401.42_-
nov.-24,_-* 19448_-,_-* 20244.32_-
dic.-24,_-* 18121_-,_-* 23183.03_-
ene.-25,_-* 28912_-,_-* 21093.66_-
feb.-25,_-* 15001_-,_-* 21208.00_-
mar.-25,_-* 20484_-,_-* 21130.90_-
abr.-25,_-* 20304_-,_-* 20968.92_-
may.-25,_-* 30254_-,_-* 21516.50_-
jun.-25,_-* 20468_-,_-* 22192.54_-
jul.-25,_-* 30858_-,_-* 24538.61_-
ago.-25,_-* 15944_-,_-* 22541.68_-
sept.-25,_-* 29699_-,_-* 23334.82_-
oct.-25,_-* 16236_-,_-* 23404.17_-
nov.-25,_-* 20699_-,_-* 22178.76_-
dic.-25,_-* 23057_-,_-* 28870.19_-
ene.-26,_-* 31459_-,_-* 23177.88_-
feb.-26,_-* 17727_-,_-* 24762.52_-
mar.-26,_-* 23517_-,_-* 24270.43_-
abr.-26,_-* 19936_-,_-* 20771.00_-
may.-26,_-* 36717_-,_-* 25971.32_-
jun.-26,_-* 23757_-,_-* 26130.28_-
